Number	Family	Sex	Parent_id	Dissection_date	Rad_library	Vial	Remark
CF4A01	A	F	C266		RAD_wasp6	102
CF4A02	A	M	C266		RAD_wasp6	103	"for males abdomen was not removed"
CF4A03	A	M	C266		RAD_wasp6	104	"for males abdomen was not removed"
CF4A04	A	M	C266		RAD_wasp6	105	"for males abdomen was not removed"
CF4A05	A	M	C266		RAD_wasp6	106	"for males abdomen was not removed"
CF4A06	A	M	C266		RAD_wasp6	107	"for males abdomen was not removed"
CF4A07	A	F	C266		RAD_wasp6	108
CF4A08	A	M	C266		RAD_wasp6	109	"for males abdomen was not removed"
CF4A09	A	M	C266		RAD_wasp6	110	"for males abdomen was not removed"
CF4A10	A	M	C266		RAD_wasp6	111	"for males abdomen was not removed"
CF4A11	A	M	C266		RAD_wasp6	112	"for males abdomen was not removed"
CF4A12	A	M	C266		RAD_wasp6	113	"for males abdomen was not removed"
CF4A13	A	F	C266		RAD_wasp6	114
CF4A14	A	F	C266		RAD_wasp6	115
CF4A15	A	M	C266	01.02.17	RAD_wasp7	207
CF4A16	A	M	C266	01.02.17	RAD_wasp7	208
CF4A17	A	M	C266	01.02.17	RAD_wasp7	209
CF4A18	A	M	C266	01.02.17	RAD_wasp7	210
CF4A19	A	M	C266	01.02.17	RAD_wasp7	211
CF4A20	A	M	C266	01.02.17	RAD_wasp7	212
CF4A21	A	M	C266	01.02.17	RAD_wasp7	213
CF4A22	A	M	C266	01.02.17	RAD_wasp7	214
CF4A23	A	M	C266	01.02.17	RAD_wasp7	215
CF4A24	A	M	C266	01.02.17	RAD_wasp7	216
CF4A25	A	M	C266	01.02.17	RAD_wasp7	217
CF4A26	A	M	C266	01.02.17	RAD_wasp7	218
CF4A27	A	M	C266	02.02.17	RAD_wasp7	219
CF4A28	A	M	C266	02.02.17	RAD_wasp7	220
CF4A29	A	M	C266	02.02.17	RAD_wasp7	221
CF4A30	A	M	C266	02.02.17	RAD_wasp7	222
CF4AA01	AA	F	C491	26.07.17
CF4AA02	AA	F	C491	26.07.17
CF4AA03	AA	M	C491	26.07.17
CF4AA04	AA	M	C491	26.07.17
CF4AA05	AA	M	C491	26.07.17
CF4AA06	AA	M	C491	26.07.17
CF4AB01	AB	F	C495	26.07.17
CF4AB02	AB	F	C495	26.07.17
CF4AB03	AB	F	C495	26.07.17
CF4AB04	AB	M	C495	26.07.17
CF4AB05	AB	M	C495	26.07.17
CF4AB06	AB	M	C495	26.07.17
CF4AB07	AB	M	C495	26.07.17
CF4AC01	AC	F	C517	26.07.17
CF4AC02	AC	F	C517	26.07.17
CF4AC03	AC	F	C517	26.07.17
CF4AC04	AC	F	C517	26.07.17
CF4AC05	AC	M	C517	26.07.17
CF4AC06	AC	M	C517	26.07.17
CF4AC07	AC	M	C517	26.07.17
CF4AC08	AC	M	C517	26.07.17
CF4AC09	AC	M	C517	26.07.17
CF4AC10	AC	M	C517	26.07.17
CF4AC11	AC	M	C517	26.07.17
CF4AC12	AC	M	C517	26.07.17
CF4AC13	AC	M	C517	26.07.17
CF4AC14	AC	M	C517	26.07.17
CF4AC15	AC	M	C517	26.07.17
CF4AC16	AC	M	C517	26.07.17
CF4AC17	AC	M	C517	26.07.17
CF4AD01	AD	F	C518	26.07.17
CF4AD02	AD	F	C518	26.07.17
CF4AD03	AD	F	C518	26.07.17
CF4AD04	AD	F	C518	26.07.17
CF4AD05	AD	M	C518	26.07.17
CF4AD06	AD	M	C518	26.07.17
CF4AD07	AD	M	C518	26.07.17
CF4AD08	AD	M	C518	26.07.17
CF4AD09	AD	M	C518	26.07.17
CF4AD10	AD	M	C518	26.07.17
CF4AD11	AD	M	C518	26.07.17
CF4AD12	AD	M	C518	26.07.17
CF4AD13	AD	M	C518	26.07.17
CF4AD14	AD	M	C518	26.07.17
CF4AD15	AD	M	C518	26.07.17
RF4AE01	AE	F	R001	26.07.17
RF4AE02	AE	F	R001	26.07.17
RF4AE03	AE	F	R001	26.07.17
RF4AE04	AE	M	R001	26.07.17
RF4AE05	AE	M	R001	26.07.17
RF4AE06	AE	M	R001	26.07.17
RF4AE07	AE	M	R001	26.07.17
RF4AE08	AE	M	R001	26.07.17
RF4AE09	AE	M	R001	26.07.17
RF4AE10	AE	M	R001	26.07.17
RF4AE11	AE	M	R001	26.07.17
RF4AE12	AE	M	R001	26.07.17
RF4AE13	AE	M	R001	26.07.17
RF4AE14	AE	F	R001	02.08.17
RF4AE15	AE	F	R001	02.08.17
RF4AE16	AE	F	R001	02.08.17
RF4AE17	AE	F	R001	02.08.17
RF4AE18	AE	M	R001	02.08.17
RF4AE19	AE	M	R001	02.08.17
RF4AE20	AE	M	R001	02.08.17
RF4AE21	AE	M	R001	02.08.17
RF4AE22	AE	M	R001	02.08.17
RF4AE23	AE	M	R001	02.08.17
RF4AF01	AF	M	R008	26.07.17
RF4AF02	AF	M	R008	26.07.17
RF4AF03	AF	M	R008	26.07.17
RF4AF04	AF	M	R008	26.07.17
RF4AF05	AF	M	R008	26.07.17
RF4AF06	AF	M	R008	26.07.17
RF4AF07	AF	M	R008	26.07.17
RF4AG01	AG	F	R046	26.07.17
RF4AG02	AG	F	R046	26.07.17
RF4AG03	AG	F	R046	26.07.17
RF4AG04	AG	M	R046	26.07.17
RF4AG05	AG	M	R046	26.07.17
RF4AG06	AG	M	R046	26.07.17
RF4AG07	AG	M	R046	26.07.17
RF4AG08	AG	M	R046	26.07.17
RF4AG09	AG	M	R046	26.07.17
RF4AG10	AG	M	R046	26.07.17
RF4AG11	AG	M	R046	26.07.17
RF4AG12	AG	M	R046	26.07.17
RF4AG13	AG	M	R046	26.07.17
RF4AG14	AG	M	R046	26.07.17
RF4AG15	AG	F	R046	31.07.17
RF4AG16	AG	F	R046	31.07.17
RF4AG17	AG	M	R046	31.07.17
RF4AG18	AG	M	R046	31.07.17
RF4AG19	AG	M	R046	31.07.17
RF4AG20	AG	M	R046	31.07.17
RF4AG21	AG	M	R046	31.07.17
RF4AG22	AG	M	R046	31.07.17
RF4AG23	AG	M	R046	31.07.17
RF4AG24	AG	M	R046	31.07.17
CF4AH01	AH	F	C401	31.07.17
CF4AH02	AH	F	C401	31.07.17
CF4AH03	AH	F	C401	31.07.17
CF4AH04	AH	F	C401	31.07.17
CF4AH05	AH	M	C401	31.07.17
CF4AH06	AH	M	C401	31.07.17
CF4AH07	AH	M	C401	31.07.17
CF4AH08	AH	M	C401	31.07.17
CF4AH09	AH	M	C401	31.07.17
CF4AI01	AI	F	C439	31.07.17
CF4AI02	AI	F	C439	31.07.17
CF4AI03	AI	F	C439	31.07.17
CF4AI04	AI	F	C439	31.07.17
CF4AI05	AI	F	C439	31.07.17
CF4AI06	AI	M	C439	31.07.17
CF4AI07	AI	M	C439	31.07.17
CF4AI08	AI	M	C439	31.07.17
CF4AI09	AI	M	C439	31.07.17
CF4AI10	AI	M	C439	31.07.17
CF4AI11	AI	M	C439	31.07.17
RF4AJ01	AJ	F	R002	31.07.17
RF4AJ02	AJ	F	R002	31.07.17
RF4AJ03	AJ	F	R002	31.07.17
RF4AJ04	AJ	F	R002	31.07.17
RF4AJ05	AJ	M	R002	31.07.17
RF4AJ06	AJ	M	R002	31.07.17
RF4AJ07	AJ	M	R002	31.07.17
RF4AJ08	AJ	M	R002	31.07.17
RF4AJ09	AJ	M	R002	31.07.17
RF4AJ10	AJ	M	R002	31.07.17
RF4AJ11	AJ	M	R002	31.07.17
RF4AK01	AK	F	R045	31.07.17
RF4AK02	AK	M	R045	31.07.17
RF4AK03	AK	M	R045	31.07.17
RF4AK04	AK	M	R045	31.07.17
RF4AK05	AK	M	R045	31.07.17
RF4AK06	AK	M	R045	31.07.17
RF4AK07	AK	M	R045	31.07.17
RF4AK08	AK	M	R045	31.07.17
RF4AK09	AK	M	R045	31.07.17
RF4AL01	AL	F	R044	31.07.17
RF4AL02	AL	F	R044	31.07.17
RF4AL03	AL	F	R044	31.07.17
RF4AL04	AL	F	R044	31.07.17
RF4AL05	AL	M	R044	31.07.17
RF4AL06	AL	M	R044	31.07.17
RF4AL07	AL	M	R044	31.07.17
RF4AL08	AL	M	R044	31.07.17
RF4AL09	AL	M	R044	31.07.17
RF4AL10	AL	M	R044	31.07.17
RF4AL11	AL	M	R044	31.07.17
RF4AL12	AL	M	R044	31.07.17
RF4AL13	AL	M	R044	31.07.17
RF4AM01	AM	F	R051	31.07.17
RF4AM02	AM	F	R051	31.07.17
RF4AM03	AM	M	R051	31.07.17
RF4AM04	AM	M	R051	31.07.17
RF4AM05	AM	M	R051	31.07.17
RF4AM06	AM	M	R051	31.07.17
RF4AM07	AM	M	R051	31.07.17
RF4AM08	AM	M	R051	31.07.17
RF4AM09	AM	M	R051	31.07.17
RF4AM10	AM	M	R051	31.07.17
RF4AM11	AM	M	R051	31.07.17
RF4AM12	AM	M	R051	31.07.17
RF4AM13	AM	M	R051	31.07.17
RF4AN01	AN	M	R019	02.08.17
RF4AN02	AN	M	R019	02.08.17
RF4AN03	AN	M	R019	02.08.17
RF4AN04	AN	M	R019	02.08.17
RF4AN05	AN	M	R019	02.08.17
RF4AN06	AN	M	R019	02.08.17
DF4AO01	AO	F	D213	02.08.17
DF4AO02	AO	F	D213	02.08.17
DF4AO03	AO	F	D213	02.08.17
DF4AO04	AO	F	D213	02.08.17
DF4AO05	AO	F	D213	02.08.17
DF4AO06	AO	M	D213	02.08.17
DF4AO07	AO	M	D213	02.08.17
DF4AO08	AO	M	D213	02.08.17
DF4AO09	AO	M	D213	02.08.17
DF4AO10	AO	M	D213	02.08.17
DF4AO11	AO	M	D213	02.08.17
DF4AO12	AO	M	D213	02.08.17
DF4AO13	AO	M	D213	02.08.17
DF4AO14	AO	M	D213	02.08.17
DF4AO15	AO	M	D213	02.08.17
DF4AO16	AO	M	D213	02.08.17
DF4AO17	AO	M	D213	02.08.17
DF4AO18	AO	M	D213	02.08.17
DF4AO19	AO	M	D213	02.08.17
DF4AP01	AP	F	D214	02.08.17
DF4AP02	AP	F	D214	02.08.17
DF4AP03	AP	F	D214	02.08.17
DF4AP04	AP	F	D214	02.08.17
DF4AP05	AP	F	D214	02.08.17
DF4AP06	AP	M	D214	02.08.17
DF4AP07	AP	M	D214	02.08.17
DF4AP08	AP	M	D214	02.08.17
DF4AP09	AP	M	D214	02.08.17
DF4AP10	AP	M	D214	02.08.17
DF4AP11	AP	M	D214	02.08.17
DF4AP12	AP	M	D214	02.08.17
DF4AP13	AP	M	D214	02.08.17
DF4AP14	AP	M	D214	02.08.17
DF4AP15	AP	M	D214	02.08.17
DF4AP16	AP	M	D214	02.08.17
DF4AP17	AP	M	D214	02.08.17
DF4AP18	AP	M	D214	02.08.17
DF4AP19	AP	M	D214	02.08.17
DF4AP20	AP	M	D214	02.08.17
DF4AP21	AP	M	D214	02.08.17
DF4AP22	AP	M	D214	02.08.17
DF4AP23	AP	M	D214	02.08.17
DF4AP24	AP	M	D214	02.08.17
DF4AP25	AP	M	D214	02.08.17
DF4AP26	AP	M	D214	02.08.17
DF4AP27	AP	M	D214	02.08.17
DF4AP28	AP	M	D214	02.08.17
DF4AP29	AP	M	D214	02.08.17
DF4AP30	AP	M	D214	02.08.17
DF4AP31	AP	M	D214	02.08.17
DF4AR01	AR	F	D221	02.08.17
DF4AR02	AR	F	D221	02.08.17
DF4AR03	AR	F	D221	02.08.17
DF4AR04	AR	F	D221	02.08.17
DF4AR05	AR	M	D221	02.08.17
DF4AR06	AR	M	D221	02.08.17
DF4AR07	AR	M	D221	02.08.17
DF4AR08	AR	M	D221	02.08.17
DF4AR09	AR	M	D221	02.08.17
DF4AR10	AR	M	D221	02.08.17
DF4AR11	AR	M	D221	02.08.17
DF4AR12	AR	M	D221	02.08.17
DF4AR13	AR	M	D221	02.08.17
DF4AR14	AR	M	D221	02.08.17
DF4AR15	AR	M	D221	02.08.17
DF4AR16	AR	M	D221	02.08.17
DF4AR17	AR	M	D221	02.08.17
DF4AR18	AR	M	D221	02.08.17
DF4AR19	AR	M	D221	02.08.17
DF4AR20	AR	M	D221	02.08.17
DF4AR21	AR	M	D221	02.08.17
DF4AR22	AR	M	D221	02.08.17
DF4AR23	AR	M	D221	02.08.17
DF4AS01	AS	F	D235	02.08.17
DF4AS02	AS	M	D235	02.08.17
DF4AS03	AS	M	D235	02.08.17
DF4AS04	AS	M	D235	02.08.17
DF4AT01	AT	M	D200	02.08.17
DF4AT02	AT	M	D200	02.08.17
DF4AT03	AT	M	D200	02.08.17
DF4AT04	AT	M	D200	02.08.17
DF4AT05	AT	M	D200	02.08.17
DF4AT06	AT	M	D200	02.08.17
DF4AT07	AT	M	D200	02.08.17
DF4AT08	AT	M	D200	02.08.17
DF4AT09	AT	M	D200	02.08.17
DF4AT10	AT	M	D200	02.08.17
DF4AU01	AU	M	D203	02.08.17
DF4AU02	AU	M	D203	02.08.17
DF4AU03	AU	M	D203	02.08.17
DF4AU04	AU	M	D203	02.08.17
DF4AU05	AU	M	D203	02.08.17
DF4AU06	AU	M	D203	02.08.17
DF4AU07	AU	M	D203	02.08.17
DF4AU08	AU	M	D203	02.08.17
DF4AV01	AV	M	D204	02.08.17
DF4AV02	AV	M	D204	02.08.17
DF4AV03	AV	M	D204	02.08.17
DF4AV04	AV	M	D204	02.08.17
DF4AV05	AV	M	D204	02.08.17
DF4AV06	AV	M	D204	02.08.17
DF4AV07	AV	M	D204	02.08.17
DF4AV08	AV	M	D204	02.08.17
DF4AV09	AV	M	D204	02.08.17
DF4AV10	AV	M	D204	02.08.17
CF4B01	B	F	C424	31.07.17	RAD_wasp6	116
CF4B02	B	M	C424	31.07.17	RAD_wasp6	117	"for males abdomen was not removed"
CF4B03	B	M	C424	31.07.17	RAD_wasp6	118	"for males abdomen was not removed"
CF4B04	B	F	C424	31.07.17	RAD_wasp6	119
CF4B05	B	F	C424	31.07.17	RAD_wasp6	120
CF4B06	B	M	C424	31.07.17	RAD_wasp6	121	"for males abdomen was not removed"
CF4B07	B	M	C424	31.07.17	RAD_wasp6	122	"for males abdomen was not removed"
CF4B08	B	M	C424	31.07.17	RAD_wasp6	123	"for males abdomen was not removed"
CF4B09	B	F	C424	31.07.17	RAD_wasp6	124
CF4B10	B	M	C424	31.07.17	RAD_wasp6	125	"for males abdomen was not removed"
CF4B11	B	M	C424	31.07.17	RAD_wasp6	126	"for males abdomen was not removed"
CF4B12	B	M	C424	31.07.17	RAD_wasp6	127	"for males abdomen was not removed"
CF4B13	B	M	C424	31.07.17	RAD_wasp6	128	"for males abdomen was not removed"
CF4B14	B	M	C424	31.07.17	RAD_wasp6	129	"for males abdomen was not removed"
CF4B15	B	F	C424	31.07.17
CF4B16	B	F	C424	31.07.17
CF4B17	B	F	C424	31.07.17
CF4C01	C	M	C209	31.01.17	RAD_wasp7	140
CF4C02	C	M	C209	31.01.17	RAD_wasp7	141
CF4C03	C	M	C209	31.01.17	RAD_wasp7	142
CF4C04	C	F	C209	31.01.17	RAD_wasp7	143
CF4C05	C	M	C209	31.01.17	RAD_wasp7	144
CF4C06	C	M	C209	31.01.17	RAD_wasp7	145
CF4C07	C	M	C209	31.01.17	RAD_wasp7	146
CF4D01	D	F	C231	31.01.17	RAD_wasp7	147
CF4D02	D	F	C231	31.01.17	RAD_wasp7	148
CF4D03	D	F	C231	31.01.17	RAD_wasp7	149
CF4D04	D	F	C231	31.01.17	RAD_wasp7	150
CF4D05	D	M	C231	31.01.17	RAD_wasp7	151
CF4D06	D	M	C231	31.01.17	RAD_wasp7	152
CF4D07	D	M	C231	31.01.17	RAD_wasp7	153
CF4D08	D	M	C231	31.01.17	RAD_wasp7	154
CF4D09	D	M	C231	31.01.17	RAD_wasp7	155
CF4D10	D	M	C231	31.01.17	RAD_wasp7	156
CF4E01	E	F	C232	31.01.17	RAD_wasp7	157
CF4E02	E	F	C232	31.01.17	RAD_wasp7	158
CF4E03	E	F	C232	31.01.17	RAD_wasp7	159
CF4E04	E	F	C232	31.01.17	RAD_wasp7	160
CF4E05	E	M	C232	31.01.17	RAD_wasp7	161
CF4E06	E	F	C232	31.01.17	RAD_wasp7	162
CF4E07	E	M	C232	31.01.17	RAD_wasp7	163
CF4E08	E	F	C232	31.01.17	RAD_wasp7	164
CF4E09	E	F	C232	31.01.17	RAD_wasp7	165
CF4E10	E	M	C232	31.01.17	RAD_wasp7	166
CF4E11	E	F	C232	31.01.17	RAD_wasp7	167
CF4E12	E	F	C232	31.01.17	RAD_wasp7	168
CF4E13	E	F	C232	31.01.17	RAD_wasp7	169
CF4E14	E	F	C232	31.01.17	RAD_wasp7	170
CF4E15	E	F	C232	31.01.17	RAD_wasp7	171
CF4E16	E	F	C232	31.01.17	RAD_wasp7	172
CF4E17	E	F	C232	31.01.17	RAD_wasp7	173
CF4E18	E	F	C232	31.01.17	RAD_wasp7	174
CF4F01	F	M	C235	31.01.17	RAD_wasp7	175
CF4F02	F	F	C235	31.01.17	RAD_wasp7	176
CF4F03	F	F	C235	31.01.17	RAD_wasp7	177
CF4F04	F	F	C235	31.01.17	RAD_wasp7	178
CF4F05	F	F	C235	31.01.17	RAD_wasp7	179
CF4F06	F	M	C235	31.01.17	RAD_wasp7	180
CF4F07	F	M	C235	31.01.17	RAD_wasp7	181
CF4F08	F	M	C235	31.01.17	RAD_wasp7	182
CF4F09	F	M	C235	31.01.17	RAD_wasp7	183
CF4F10	F	M	C235	31.01.17	RAD_wasp7	184
CF4F11	F	F	C235	31.01.17	RAD_wasp7	185
CF4F12	F	F	C235	31.01.17	RAD_wasp7	186
CF4F13	F	F	C235	31.01.17	RAD_wasp7	187
CF4F14	F	M	C235	31.01.17	RAD_wasp7	188
CF4F15	F	M	C235	31.01.17	RAD_wasp7	189
CF4F16	F	M	C235	31.01.17	RAD_wasp7	190
CF4F17	F	M	C235	31.01.17	RAD_wasp7	191
CF4G01	G	F	C262	01.02.17	RAD_wasp7	192
CF4G02	G	F	C262	01.02.17	RAD_wasp7	193
CF4G03	G	F	C262	01.02.17	RAD_wasp7	194
CF4G04	G	F	C262	01.02.17	RAD_wasp7	195
CF4G05	G	M	C262	01.02.17	RAD_wasp7	196
CF4G06	G	M	C262	01.02.17	RAD_wasp7	197
CF4G07	G	M	C262	01.02.17	RAD_wasp7	198
CF4G08	G	M	C262	01.02.17	RAD_wasp7	199
CF4G09	G	F	C262	01.02.17	RAD_wasp7	200
CF4G10	G	F	C262	01.02.17	RAD_wasp7	201
CF4G11	G	F	C262	01.02.17	RAD_wasp7	202
CF4G12	G	F	C262	01.02.17	RAD_wasp7	203
CF4G13	G	M	C262	01.02.17	RAD_wasp7	204
CF4G14	G	F	C262	01.02.17	RAD_wasp7	205
CF4G15	G	M	C262	01.02.17	RAD_wasp7	206
CF4H01	H	F	C279	02.02.17	RAD_wasp7	223
CF4H02	H	F	C279	02.02.17	RAD_wasp7	224
CF4H03	H	F	C279	02.02.17	RAD_wasp7	225
CF4H04	H	F	C279	02.02.17	RAD_wasp7	226
CF4H05	H	M	C279	02.02.17	RAD_wasp7	227
CF4H06	H	M	C279	02.02.17	RAD_wasp7	228
CF4H07	H	M	C279	02.02.17	RAD_wasp7	229
CF4H08	H	M	C279	02.02.17	RAD_wasp7	230
CF4H09	H	M	C279	02.02.17	RAD_wasp7	231
CF4H10	H	M	C279	02.02.17	RAD_wasp7	232
CF4H11	H	M	C279	02.02.17	RAD_wasp7	233
CF4H12	H	F	C279	02.02.17	RAD_wasp7	234
CF4H13	H	F	C279	02.02.17	RAD_wasp7	235
CF4H14	H	M	C279	02.02.17	RAD_wasp7	236
CF4H15	H	M	C279	02.02.17	RAD_wasp7	237
CF4H16	H	M	C279	02.02.17	RAD_wasp7	238
CF4H17	H	M	C279	02.02.17	RAD_wasp7	239
CF4H18	H	M	C279	02.02.17	RAD_wasp7	240
CF4H19	H	M	C279	02.02.17	RAD_wasp7	241
CF4H20	H	M	C279	02.02.17	RAD_wasp7	292	"accidentally jumped 50 up in numbering"
CF4H21	H	M	C279	02.02.17	RAD_wasp7	293
CF4I01	I	F	C284	02.02.17	RAD_wasp7	294
CF4I02	I	F	C284	02.02.17	RAD_wasp7	295
CF4I03	I	M	C284	02.02.17	RAD_wasp7	296
CF4I04	I	M	C284	02.02.17	RAD_wasp7	297
CF4I05	I	M	C284	02.02.17	RAD_wasp7	298
CF4I06	I	M	C284	02.02.17	RAD_wasp7	299
CF4I07	I	F	C284	31.07.17
CF4I08	I	F	C284	31.07.17
CF4I09	I	F	C284	31.07.17
CF4I10	I	M	C284	31.07.17
CF4I11	I	M	C284	31.07.17
CF4I12	I	M	C284	31.07.17
CF4I13	I	M	C284	31.07.17
CF4I14	I	M	C284	31.07.17
CF4I15	I	M	C284	31.07.17
CF4I16	I	M	C284	31.07.17
CF4J01	J	F	C281	02.02.17	RAD_wasp7	300
CF4J02	J	F	C281	02.02.17	RAD_wasp7	301
CF4J03	J	M	C281	02.02.17	RAD_wasp7	302
CF4J04	J	M	C281	02.02.17	RAD_wasp7	303
CF4J05	J	M	C281	02.02.17	RAD_wasp7	304
CF4J06	J	M	C281	02.02.17	RAD_wasp7	305
CF4J07	J	M	C281	02.02.17	RAD_wasp7	306
CF4J08	J	M	C281	02.02.17	RAD_wasp7	307
CF4J09	J	M	C281	02.02.17	RAD_wasp7	308
CF4J10	J	M	C281	02.02.17	RAD_wasp7	309
CF4J11	J	M	C281	02.02.17	RAD_wasp7	310
CF4J12	J	M	C281	02.02.17	RAD_wasp7	311
CF4J13	J	M	C281	02.02.17	RAD_wasp7	312
CF4J14	J	M	C281	02.02.17	RAD_wasp7	313
CF4J15	J	F	C281	02.02.17	RAD_wasp7	314
CF4J16	J	F	C281	02.02.17	RAD_wasp7	315
CF4J17	J	F	C281	02.02.17	RAD_wasp7	316
CF4J18	J	M	C281	02.02.17	RAD_wasp7	317
CF4J19	J	M	C281	02.02.17	RAD_wasp7	318
CF4J20	J	M	C281	02.02.17	RAD_wasp7	319
CF4J21	J	M	C281	02.02.17	RAD_wasp7	320
CF4J22	J	M	C281	02.02.17	RAD_wasp7	321
CF4J23	J	M	C281	02.02.17	RAD_wasp7	322
CF4J24	J	M	C281	02.02.17	RAD_wasp7	323
CF4J25	J	F	C281	02.02.17	RAD_wasp7	324
CF4J26	J	F	C281	02.02.17	RAD_wasp7	325
CF4J27	J	M	C281	02.02.17	RAD_wasp7	326
CF4K01	K	M	C429	07.02.17	RAD_wasp7	327
CF4K02	K	M	C429	07.02.17	RAD_wasp7	328
CF4K03	K	M	C429	07.02.17	RAD_wasp7	329
CF4K04	K	F	C429	07.02.17	RAD_wasp7	330
CF4K05	K	F	C429	07.02.17	RAD_wasp7	331
CF4K06	K	M	C429	07.02.17	RAD_wasp7	332
CF4K07	K	M	C429	07.02.17	RAD_wasp7	333
CF4K08	K	M	C429	07.02.17	RAD_wasp7	334
CF4K09	K	M	C429	07.02.17	RAD_wasp7	335
CF4K10	K	M	C429	07.02.17	RAD_wasp7	336
CF4K11	K	F	C429	07.02.17	RAD_wasp7	337
CF4K12	K	F	C429	07.02.17	RAD_wasp7	338
CF4K13	K	M	C429	07.02.17	RAD_wasp7	339
CF4K14	K	M	C429	07.02.17	RAD_wasp7	340
CF4K15	K	M	C429	07.02.17	RAD_wasp7	341
CF4K16	K	M	C429	07.02.17	RAD_wasp7	342
CF4K17	K	M	C429	07.02.17	RAD_wasp7	343
CF4K18	K	M	C429	07.02.17	RAD_wasp7	344
CF4L01	L	M	C293	07.02.17	RAD_wasp7	345
CF4L02	L	M	C293	07.02.17	RAD_wasp7	346
CF4L03	L	F	C293	07.02.17	RAD_wasp7	347
CF4L04	L	F	C293	07.02.17	RAD_wasp7	348
CF4L05	L	F	C293	07.02.17	RAD_wasp7	349
CF4L06	L	F	C293	07.02.17	RAD_wasp7	350
CF4L07	L	F	C293	07.02.17	RAD_wasp7	351
CF4L08	L	F	C293	07.02.17	RAD_wasp7	352
CF4L09	L	M	C293	07.02.17	RAD_wasp7	353
CF4L10	L	M	C293	07.02.17	RAD_wasp7	354
CF4L11	L	F	C293	07.02.17	RAD_wasp7	355
CF4L12	L	F	C293	07.02.17	RAD_wasp7	356
CF4L13	L	F	C293	07.02.17	RAD_wasp7	357
CF4L14	L	F	C293	07.02.17	RAD_wasp7	358
CF4L15	L	F	C293	07.02.17	RAD_wasp7	359
CF4L16	L	F	C293	07.02.17	RAD_wasp7	360
CF4L17	L	F	C293	07.02.17	RAD_wasp7	361
CF4L18	L	F	C293	07.02.17	RAD_wasp7	362
CF4M01	M	F	C200	24.07.17		400
CF4M02	M	M	C200	24.07.17
CF4M03	M	M	C200	24.07.17
CF4M04	M	M	C200	24.07.17
CF4N01	N	F	C223	24.07.17		401
CF4N02	N	M	C223	24.07.17
CF4N03	N	M	C223	24.07.17
CF4N04	N	M	C223	24.07.17
CF4N05	N	M	C223	24.07.17
CF4N06	N	M	C223	24.07.17
CF4N07	N	M	C223	24.07.17
CF4N08	N	M	C223	24.07.17
CF4N09	N	M	C223	24.07.17
CF4N10	N	M	C223	24.07.17
CF4N11	N	M	C223	24.07.17
CF4O01	O	F	C224	24.07.17		402
CF4O02	O	M	C224	24.07.17
CF4O03	O	M	C224	24.07.17
CF4O04	O	M	C224	24.07.17
CF4O05	O	M	C224	24.07.17
CF4O06	O	M	C224	24.07.17
CF4O07	O	M	C224	24.07.17
CF4O08	O	M	C224	24.07.17
CF4O09	O	M	C224	24.07.17
CF4P01	P	F	C227	24.07.17		403
CF4P02	P	M	C227	24.07.17
CF4P03	P	M	C227	24.07.17
CF4Q01	Q	F	C246	24.07.17		404/405
CF4Q02	Q	F	C246	24.07.17		404/405
CF4Q03	Q	M	C246	24.07.17
CF4Q04	Q	M	C246	24.07.17
CF4R01	R	F	C247	24.07.17		406/407/408
CF4R02	R	F	C247	24.07.17		406/407/408	"NO DNA	 BUT ONLY WINGS KEPT"
CF4R03	R	M	C247	24.07.17
CF4R04	R	M	C247	24.07.17
CF4R05	R	F	C247	24.07.17		406/407/408
CF4S01	S	F	C256	24.07.17		409/410
CF4S02	S	F	C256	24.07.17		409/410
CF4S03	S	M	C256	24.07.17
CF4S04	S	M	C256	24.07.17
CF4S05	S	M	C256	24.07.17
CF4S06	S	M	C256	24.07.17
CF4S07	S	M	C256	24.07.17
CF4S08	S	M	C256	24.07.17
CF4S09	S	M	C256	24.07.17
CF4T01	T	F	C268	24.07.17		411/412/413
CF4T02	T	F	C268	24.07.17		411/412/413
CF4T03	T	F	C268	24.07.17		411/412/413
CF4T04	T	M	C268	24.07.17
CF4T05	T	M	C268	24.07.17
CF4T06	T	M	C268	24.07.17
CF4T07	T	M	C268	24.07.17
CF4T08	T	M	C268	24.07.17
CF4T09	T	M	C268	24.07.17
CF4T10	T	M	C268	24.07.17
CF4T11	T	M	C268	24.07.17
CF4T12	T	M	C268	24.07.17
CF4T13	T	M	C268	24.07.17
CF4U01	U	F	C277	24.07.17		416
CF4U02	U	M	C277	24.07.17
CF4U03	U	M	C277	24.07.17
CF4U04	U	M	C277	24.07.17
CF4U05	U	M	C277	24.07.17
CF4U06	U	M	C277	24.07.17
CF4U07	U	M	C277	24.07.17
CF4U08	U	M	C277	24.07.17
CF4U09	U	M	C277	24.07.17
CF4U10	U	M	C277	24.07.17
CF4V01	V	F	C299	24.07.17		417/418
CF4V02	V	F	C299	24.07.17		417/418
CF4V03	V	M	C299	24.07.17
CF4V04	V	M	C299	24.07.17
CF4V05	V	M	C299	24.07.17
CF4V06	V	M	C299	24.07.17
CF4V07	V	M	C299	24.07.17
CF4V08	V	M	C299	24.07.17
CF4V09	V	M	C299	24.07.17
CF4V10	V	M	C299	24.07.17
CF4V11	V	M	C299	02.08.17
CF4V12	V	M	C299	02.08.17
CF4V13	V	M	C299	02.08.17
CF4V14	V	M	C299	02.08.17
CF4V15	V	M	C299	02.08.17
CF4V16	V	M	C299	02.08.17
CF4V17	V	M	C299	02.08.17
CF4V18	V	M	C299	02.08.17
CF4W01	W	F	C428	24.07.17
CF4W02	W	F	C428	24.07.17
CF4W03	W	M	C428	24.07.17
CF4W04	W	M	C428	24.07.17
CF4W05	W	M	C428	24.07.17
CF4W06	W	M	C428	24.07.17
CF4W07	W	M	C428	24.07.17
CF4W08	W	M	C428	24.07.17
CF4W09	W	M	C428	24.07.17
CF4W10	W	M	C428	24.07.17
CF4W11	W	M	C428	02.08.17
CF4W12	W	M	C428	02.08.17
CF4W13	W	M	C428	02.08.17
CF4W14	W	M	C428	02.08.17
CF4W15	W	M	C428	02.08.17
CF4W16	W	M	C428	02.08.17
CF4W17	W	M	C428	02.08.17
CF4W18	W	M	C428	02.08.17
CF4X01	X	F	C455	24.07.17
CF4X02	X	F	C455	24.07.17
CF4X03	X	F	C455	24.07.17
CF4X04	X	F	C455	24.07.17
CF4X05	X	F	C455	24.07.17
CF4X06	X	M	C455	24.07.17
CF4X07	X	M	C455	24.07.17
CF4X08	X	M	C455	24.07.17
CF4X09	X	M	C455	24.07.17
CF4X10	X	M	C455	24.07.17
CF4Y01	Y	F	C463	26.07.17		419
CF4Y02	Y	M	C463	26.07.17
CF4Y03	Y	M	C463	26.07.17
CF4Y04	Y	M	C463	26.07.17
CF4Y05	Y	M	C463	26.07.17
CF4Y06	Y	M	C463	26.07.17
CF4Y07	Y	M	C463	26.07.17
CF4Y08	Y	M	C463	26.07.17
CF4Y09	Y	M	C463	26.07.17
CF4Z01	Z	F	C480	26.07.17		420
CF4Z02	Z	M	C480	26.07.17
CF4Z03	Z	M	C480	26.07.17
CF4Z04	Z	M	C480	26.07.17
CF4Z05	Z	M	C480	26.07.17
CF4Z06	Z	M	C480	26.07.17
CF4Z07	Z	M	C480	26.07.17
DF4AW01	AW	M	D205	04.07.17
DF4AW02	AW	M	D205	04.07.17
DF4AW03	AW	M	D205	04.07.17
DF4AW04	AW	M	D205	04.07.17
DF4AW05	AW	M	D205	04.07.17
DF4AW06	AW	M	D205	04.07.17
DF4AW07	AW	M	D205	04.07.17
DF4AW08	AW	M	D205	04.07.17
DF4AW09	AW	M	D205	04.07.17
DF4AW10	AW	M	D205	04.07.17
DF4AX01	AX	M	D206	04.07.17
DF4AX02	AX	M	D206	04.07.17
DF4AX03	AX	M	D206	04.07.17
DF4AX04	AX	M	D206	04.07.17
DF4AX05	AX	M	D206	04.07.17
DF4AX06	AX	M	D206	04.07.17
DF4AX07	AX	M	D206	04.07.17
DF4AX08	AX	M	D206	04.07.17
DF4AX09	AX	M	D206	04.07.17
DF4AX10	AX	M	D206	04.07.17
DF4AY01	AY	M	D209	04.07.17
DF4AY02	AY	M	D209	04.07.17
DF4AY03	AY	M	D209	04.07.17
DF4AY04	AY	M	D209	04.07.17
DF4AY05	AY	M	D209	04.07.17
DF4AY06	AY	M	D209	04.07.17
DF4AY07	AY	M	D209	04.07.17
DF4AY08	AY	M	D209	04.07.17
DF4AY09	AY	M	D209	04.07.17
DF4AY10	AY	M	D209	04.07.17
DF4AZ01	AZ	M	D212	04.07.17			"some leaves debry in tube"
DF4AZ02	AZ	M	D212	04.07.17			"some leaves debry in tube"
DF4AZ03	AZ	M	D212	04.07.17			"some leaves debry in tube"
DF4AZ04	AZ	M	D212	04.07.17			"some leaves debry in tube"
DF4AZ05	AZ	M	D212	04.07.17			"some leaves debry in tube"
DF4AZ06	AZ	M	D212	04.07.17			"some leaves debry in tube"
DF4AZ07	AZ	M	D212	04.07.17			"some leaves debry in tube"
DF4AZ08	AZ	M	D212	04.07.17			"some leaves debry in tube"
DF4AZ09	AZ	M	D212	04.07.17			"some leaves debry in tube"
DF4AZ10	AZ	M	D212	04.07.17			"some leaves debry in tube"
DF4BA01	BA	M	D217	04.07.17
DF4BA02	BA	M	D217	04.07.17
DF4BA03	BA	M	D217	04.07.17
DF4BA04	BA	M	D217	04.07.17
DF4BA05	BA	M	D217	04.07.17
DF4BA06	BA	M	D217	04.07.17
DF4BA07	BA	M	D217	04.07.17
DF4BA08	BA	M	D217	04.07.17
DF4BA09	BA	M	D217	04.07.17
DF4BA10	BA	M	D217	04.07.17
DF4BB01	BB	M	D218	04.07.17
DF4BB02	BB	M	D218	04.07.17
DF4BB03	BB	M	D218	04.07.17
DF4BB04	BB	M	D218	04.07.17
DF4BB05	BB	M	D218	04.07.17
DF4BB06	BB	M	D218	04.07.17
DF4BB07	BB	M	D218	04.07.17
DF4BB08	BB	M	D218	04.07.17
DF4BB09	BB	M	D218	04.07.17
DF4BB10	BB	M	D218	04.07.17
DF4BC01	BC	M	D227	04.07.17			"some leaves debry in tube"
DF4BC02	BC	M	D227	04.07.17			"some leaves debry in tube"
DF4BC03	BC	M	D227	04.07.17			"some leaves debry in tube"
DF4BC04	BC	M	D227	04.07.17			"some leaves debry in tube"
DF4BC05	BC	M	D227	04.07.17			"some leaves debry in tube"
DF4BC06	BC	M	D227	04.07.17			"some leaves debry in tube"
DF4BC07	BC	M	D227	04.07.17			"some leaves debry in tube"
DF4BC08	BC	M	D227	04.07.17			"some leaves debry in tube"
DF4BC09	BC	M	D227	04.07.17			"some leaves debry in tube"
DF4BC10	BC	M	D227	04.07.17			"some leaves debry in tube"
DF4BD01	BD	M	D228	04.07.17
DF4BD02	BD	M	D228	04.07.17
DF4BD03	BD	M	D228	04.07.17
DF4BD04	BD	M	D228	04.07.17
DF4BD05	BD	M	D228	04.07.17
DF4BD06	BD	M	D228	04.07.17
DF4BD07	BD	M	D228	04.07.17
DF4BD08	BD	M	D228	04.07.17
DF4BD09	BD	M	D228	04.07.17
DF4BD10	BD	M	D228	04.07.17
CF4BF01	BF	M	C202	07.08.17
CF4BF02	BF	M	C202	07.08.17
CF4BF03	BF	M	C202	07.08.17
CF4BF04	BF	M	C202	07.08.17
CF4BF05	BF	M	C202	07.08.17
CF4BF06	BF	M	C202	07.08.17
CF4BF07	BF	M	C202	07.08.17
CF4BF08	BF	M	C202	07.08.17
CF4BG01	BG	M	C204	07.08.17
CF4BG02	BG	M	C204	07.08.17
CF4BG03	BG	M	C204	07.08.17
CF4BG04	BG	M	C204	07.08.17
CF4BG05	BG	M	C204	07.08.17
CF4BG06	BG	M	C204	07.08.17
CF4BG07	BG	M	C204	07.08.17
CF4BH01	BH	M	C2016	07.08.17
CF4BH02	BH	M	C2016	07.08.17
CF4BH03	BH	M	C2016	07.08.17
CF4BH04	BH	M	C2016	07.08.17
CF4BH05	BH	M	C2016	07.08.17
CF4BH06	BH	M	C2016	07.08.17
CF4BH07	BH	M	C2016	07.08.17
CF4BH08	BH	M	C2016	07.08.17
CF4BH09	BH	M	C2016	07.08.17
CF4BH10	BH	M	C2016	07.08.17
CF4BI01	BI	M	C218	07.08.17
CF4BI02	BI	M	C218	07.08.17
CF4BI03	BI	M	C218	07.08.17
CF4BI04	BI	M	C218	07.08.17
CF4BI05	BI	M	C218	07.08.17
CF4BI06	BI	M	C218	07.08.17
CF4BI07	BI	M	C218	07.08.17
CF4BI08	BI	M	C218	07.08.17
CF4BI09	BI	M	C218	07.08.17
CF4BI10	BI	M	C218	07.08.17
CF4BJ01	BJ	M	C222	07.08.17
CF4BJ02	BJ	M	C222	07.08.17
CF4BJ03	BJ	M	C222	07.08.17
CF4BJ04	BJ	M	C222	07.08.17
CF4BJ05	BJ	M	C222	07.08.17
CF4BJ06	BJ	M	C222	07.08.17
CF4BJ07	BJ	M	C222	07.08.17
CF4BJ08	BJ	M	C222	07.08.17
CF4BJ09	BJ	M	C222	07.08.17
CF4BJ10	BJ	M	C222	07.08.17
CF4BJ11	BJ	F	C222	07.08.17			"Uncertain about number of this female in the female"
CF4BK01	BK	M	C218	07.03.2018	RAD_wasp13
CF4BK02	BK	M	C218	07.03.2018	RAD_wasp13
CF4BK03	BK	M	C218	07.03.2018	RAD_wasp13
CF4BK04	BK	M	C218	07.03.2018	RAD_wasp13
CF4BK05	BK	M	C218	07.03.2018	RAD_wasp13
CF4BK06	BK	M	C218	07.03.2018	RAD_wasp13
CF4BK07	BK	M	C218	07.03.2018	RAD_wasp13
CF4BK08	BK	M	C218	07.03.2018	RAD_wasp13
CF4BK09	BK	M	C218	07.03.2018	RAD_wasp13
CF4BL01	BL	M	C216	07.03.2018	RAD_wasp13
CF4BL02	BL	M	C216	07.03.2018	RAD_wasp13
CF4BL03	BL	M	C216	07.03.2018	RAD_wasp13
CF4BL04	BL	M	C216	07.03.2018	RAD_wasp13
CF4BL05	BL	M	C216	07.03.2018	RAD_wasp13
CF4BL06	BL	M	C216	07.03.2018	RAD_wasp13
CF4BL07	BL	M	C216	07.03.2018	RAD_wasp13
CF4BL08	BL	M	C216	07.03.2018	RAD_wasp13
CF4BL09	BL	M	C216	07.03.2018	RAD_wasp13
CF4BL10	BL	M	C216	07.03.2018	RAD_wasp13
CF4BL11	BL	M	C216	07.03.2018	RAD_wasp13
CF4BL12	BL	M	C216	07.03.2018	RAD_wasp13
RF4BM01	BM	M	R007	07.03.2018	RAD_wasp13
RF4BM02	BM	M	R007	07.03.2018	RAD_wasp13
RF4BM03	BM	M	R007	07.03.2018	RAD_wasp13
RF4BM04	BM	M	R007	07.03.2018	RAD_wasp13
RF4BM05	BM	M	R007	07.03.2018	RAD_wasp13
RF4BM06	BM	M	R007	07.03.2018	RAD_wasp13
RF4BM07	BM	M	R007	07.03.2018	RAD_wasp13
RF4BM08	BM	M	R007	07.03.2018	RAD_wasp13
RF4BM09	BM	M	R007	07.03.2018	RAD_wasp13
RF4BM10	BM	M	R007	07.03.2018	RAD_wasp13
RF4BN01	BN	M	R039	07.03.2018	RAD_wasp13
RF4BN02	BN	M	R039	07.03.2018	RAD_wasp13
RF4BN03	BN	M	R039	07.03.2018	RAD_wasp13
RF4BN04	BN	M	R039	07.03.2018	RAD_wasp13
RF4BN05	BN	M	R039	07.03.2018	RAD_wasp13
RF4BN06	BN	M	R039	07.03.2018	RAD_wasp13
RF4BN07	BN	M	R039	07.03.2018	RAD_wasp13
RF4BN08	BN	M	R039	07.03.2018	RAD_wasp13
RF4BN09	BN	M	R039	07.03.2018	RAD_wasp13
RF4BN10	BN	M	R039	07.03.2018	RAD_wasp13
CF4BO01	BO	M	C493	07.03.2018	RAD_wasp13
CF4BO02	BO	M	C493	07.03.2018	RAD_wasp13
CF4BO03	BO	M	C493	07.03.2018	RAD_wasp13
CF4BO04	BO	M	C493	07.03.2018	RAD_wasp13
CF4BO05	BO	M	C493	07.03.2018	RAD_wasp13
CF4BO06	BO	M	C493	07.03.2018	RAD_wasp13
CF4BO07	BO	M	C493	07.03.2018	RAD_wasp13
CF4BO08	BO	M	C493	07.03.2018	RAD_wasp13
CF4BO09	BO	M	C493	07.03.2018	RAD_wasp13
RF4BP01	BP	M	R025	07.03.2018	RAD_wasp13
RF4BP02	BP	M	R025	07.03.2018	RAD_wasp13
RF4BP03	BP	M	R025	07.03.2018	RAD_wasp13
RF4BP04	BP	M	R025	07.03.2018	RAD_wasp13
RF4BP05	BP	M	R025	07.03.2018	RAD_wasp13
RF4BP06	BP	M	R025	07.03.2018	RAD_wasp13
RF4BP07	BP	M	R025	07.03.2018	RAD_wasp13
RF4BP08	BP	M	R025	07.03.2018	RAD_wasp13
RF4BP09	BP	M	R025	07.03.2018	RAD_wasp13
RF4BP10	BP	M	R025	07.03.2018	RAD_wasp13
RF4BP11	BP	M	R025	07.03.2018	RAD_wasp13
CF4BQ01	BQ	M	C427	07.03.2018	RAD_wasp13
CF4BQ02	BQ	M	C427	07.03.2018	RAD_wasp13
CF4BQ03	BQ	M	C427	07.03.2018	RAD_wasp13
CF4BQ04	BQ	M	C427	07.03.2018	RAD_wasp13
CF4BQ05	BQ	M	C427	07.03.2018	RAD_wasp13
CF4BQ06	BQ	M	C427	07.03.2018	RAD_wasp13
CF4BQ07	BQ	M	C427	07.03.2018	RAD_wasp13
CF4BQ08	BQ	M	C427	07.03.2018	RAD_wasp13
CF4BQ09	BQ	M	C427	07.03.2018	RAD_wasp13
CF4BQ10	BQ	M	C427	07.03.2018	RAD_wasp13
RF4BR01	BR	M	R033	07.03.2018	RAD_wasp13
RF4BR02	BR	M	R033	07.03.2018	RAD_wasp13
RF4BR03	BR	M	R033	07.03.2018	RAD_wasp13
RF4BR04	BR	M	R033	07.03.2018	RAD_wasp13
RF4BR05	BR	M	R033	07.03.2018	RAD_wasp13
CF4BS01	BS	M	C539	07.03.2018	RAD_wasp13
CF4BS02	BS	M	C539	07.03.2018	RAD_wasp13
CF4BS03	BS	M	C539	07.03.2018	RAD_wasp13
CF4BS04	BS	M	C539	07.03.2018	RAD_wasp13
CF4BS05	BS	M	C539	07.03.2018	RAD_wasp13
CF4BS06	BS	M	C539	07.03.2018	RAD_wasp13
CF4BS07	BS	M	C539	07.03.2018	RAD_wasp13
CF4BS08	BS	M	C539	07.03.2018	RAD_wasp13
CF4BS09	BS	M	C539	07.03.2018	RAD_wasp13
CF4BS10	BS	M	C539	07.03.2018	RAD_wasp13
RF4BT01	BT	M	R012	07.03.2018	RAD_wasp13
RF4BT02	BT	M	R012	07.03.2018	RAD_wasp13
RF4BT03	BT	M	R012	07.03.2018	RAD_wasp13
RF4BT04	BT	M	R012	07.03.2018	RAD_wasp13
RF4BT05	BT	M	R012	07.03.2018	RAD_wasp13
RF4BT06	BT	M	R012	07.03.2018	RAD_wasp13
RF4BT07	BT	M	R012	07.03.2018	RAD_wasp13
RF4BT08	BT	M	R012	07.03.2018	RAD_wasp13
RF4BT09	BT	M	R012	07.03.2018	RAD_wasp13
RF4BT10	BT	M	R012	07.03.2018	RAD_wasp13
RF4BT11	BT	M	R012	07.03.2018	RAD_wasp13b
RF4BT12	BT	M	R012	07.03.2018	RAD_wasp13b
RF4BU01	BU	M	R031	07.03.2018	RAD_wasp13b
RF4BU02	BU	M	R031	07.03.2018	RAD_wasp13b
RF4BU03	BU	M	R031	07.03.2018	RAD_wasp13b
RF4BU04	BU	M	R031	07.03.2018	RAD_wasp13b
RF4BU05	BU	M	R031	07.03.2018	RAD_wasp13b
RF4BU06	BU	M	R031	07.03.2018	RAD_wasp13b
RF4BU07	BU	M	R031	07.03.2018	RAD_wasp13b
RF4BU08	BU	M	R031	07.03.2018	RAD_wasp13b
CF4BV01	BV	M	C527	07.03.2018	RAD_wasp13b
CF4BV02	BV	M	C527	07.03.2018	RAD_wasp13b
CF4BV03	BV	M	C527	07.03.2018	RAD_wasp13b
CF4BV04	BV	M	C527	07.03.2018	RAD_wasp13b
CF4BV05	BV	M	C527	07.03.2018	RAD_wasp13b
CF4BV06	BV	M	C527	07.03.2018	RAD_wasp13b
CF4BV07	BV	M	C527	07.03.2018	RAD_wasp13b
CF4BV08	BV	M	C527	07.03.2018	RAD_wasp13b
CF4BV09	BV	M	C527	07.03.2018	RAD_wasp13b
CF4BV10	BV	M	C527	07.03.2018	RAD_wasp13b
CF4BV11	BV	M	C527	07.03.2018	RAD_wasp13b
CF4BV12	BV	M	C527	07.03.2018	RAD_wasp13b
RF4BW01	BW	M	R052	07.03.2018	RAD_wasp13b
RF4BW02	BW	M	R052	07.03.2018	RAD_wasp13b
RF4BW03	BW	M	R052	07.03.2018	RAD_wasp13b
RF4BW04	BW	M	R052	07.03.2018	RAD_wasp13b
RF4BW05	BW	M	R052	07.03.2018	RAD_wasp13b
RF4BW06	BW	M	R052	07.03.2018	RAD_wasp13b
RF4BW07	BW	M	R052	07.03.2018	RAD_wasp13b
RF4BW08	BW	M	R052	07.03.2018	RAD_wasp13b
RF4BW09	BW	M	R052	07.03.2018	RAD_wasp13b
RF4BW10	BW	M	R052	07.03.2018	RAD_wasp13b
CF4BX01	BX	M	C476	07.03.2018	RAD_wasp13b
CF4BX02	BX	M	C476	07.03.2018	RAD_wasp13b
CF4BX03	BX	M	C476	07.03.2018	RAD_wasp13b
CF4BX04	BX	M	C476	07.03.2018	RAD_wasp13b
CF4BX05	BX	M	C476	07.03.2018	RAD_wasp13b
CF4BX06	BX	M	C476	07.03.2018	RAD_wasp13b
CF4BX07	BX	M	C476	07.03.2018	RAD_wasp13b
CF4BY01	BY	M	C508	07.03.2018	RAD_wasp13b
CF4BY02	BY	M	C508	07.03.2018	RAD_wasp13b
CF4BY03	BY	M	C508	07.03.2018	RAD_wasp13b
CF4BY04	BY	M	C508	07.03.2018	RAD_wasp13b
CF4BY05	BY	M	C508	07.03.2018	RAD_wasp13b
CF4BY06	BY	M	C508	07.03.2018	RAD_wasp13b
CF4BY07	BY	M	C508	07.03.2018	RAD_wasp13b
CF4BY08	BY	M	C508	07.03.2018	RAD_wasp13b
CF4BY09	BY	M	C508	07.03.2018	RAD_wasp13b
CF4BY10	BY	M	C508	07.03.2018	RAD_wasp13b
CF4BZ01	BZ	M	C269	07.03.2018	RAD_wasp13b
CF4BZ02	BZ	M	C269	07.03.2018	RAD_wasp13b
CF4BZ03	BZ	M	C269	07.03.2018	RAD_wasp13b
CF4BZ04	BZ	M	C269	07.03.2018	RAD_wasp13b
CF4BZ05	BZ	M	C269	07.03.2018	RAD_wasp13b
CF4CA01	CA	M	C513	07.03.2018	RAD_wasp13b
CF4CA02	CA	M	C513	07.03.2018	RAD_wasp13b
CF4CA03	CA	M	C513	07.03.2018	RAD_wasp13b
CF4CA04	CA	M	C513	07.03.2018	RAD_wasp13b
CF4CA05	CA	M	C513	07.03.2018	RAD_wasp13b
CF4CB01	CB	M	C499	07.03.2018	RAD_wasp13b
CF4CB02	CB	M	C499	07.03.2018	RAD_wasp13b
CF4CB03	CB	M	C499	07.03.2018	RAD_wasp13b
CF4CB04	CB	M	C499	07.03.2018	RAD_wasp13b
CF4CB05	CB	M	C499	07.03.2018	RAD_wasp13b
RF4CC01	CC	M	R006	07.03.2018	RAD_wasp13b
RF4CC02	CC	M	R006	07.03.2018	RAD_wasp13b
RF4CC03	CC	M	R006	07.03.2018	RAD_wasp13b
RF4CC04	CC	M	R006	07.03.2018	RAD_wasp13b
RF4CC05	CC	M	R006	07.03.2018	RAD_wasp13b
RF4CC06	CC	M	R006	07.03.2018	RAD_wasp13b
RF4CC07	CC	M	R006	07.03.2018	RAD_wasp13b
RF4CC08	CC	M	R006	07.03.2018	RAD_wasp13b
CF4CD01	CD	M	C524	07.03.2018	RAD_wasp13b
CF4CD02	CD	M	C524	07.03.2018	RAD_wasp13b
CF4CD03	CD	M	C524	07.03.2018	RAD_wasp13b
CF4CD04	CD	M	C524	07.03.2018	RAD_wasp13b
CF4CD05	CD	M	C524	07.03.2018	RAD_wasp13b
CF4CD06	CD	M	C524	07.03.2018	RAD_wasp13b
CF4CD07	CD	M	C524	07.03.2018	RAD_wasp13b
CF4CD08	CD	M	C524	07.03.2018	RAD_wasp13b
CF4CD09	CD	M	C524	07.03.2018	RAD_wasp13b
CF4CD10	CD	M	C524	07.03.2018	RAD_wasp13b
